frame,time,simulated_raw_degrees,presented_degrees,response_seconds,drawing_active
0,0.0,70.0,70.0,0.065,false
1,0.016666666666666666,70.0,70.0,0.065,false
2,0.03333333333333333,70.0,70.0,0.065,false
3,0.05,70.0,70.0,0.065,false
4,0.06666666666666667,70.0,70.0,0.065,false
5,0.08333333333333333,70.0,70.0,0.065,false
6,0.1,70.0,70.0,0.065,false
7,0.11666666666666667,70.0,70.0,0.065,false
8,0.13333333333333333,70.0,70.0,0.065,false
9,0.15,70.0,70.0,0.065,false
10,0.16666666666666666,70.0,70.0,0.065,false
11,0.18333333333333332,70.0,70.0,0.065,false
12,0.2,70.0,70.0,0.065,false
13,0.21666666666666667,70.0,70.0,0.065,false
14,0.23333333333333334,70.0,70.0,0.065,false
15,0.25,70.0,70.0,0.065,false
16,0.26666666666666666,70.0,70.0,0.065,false
17,0.2833333333333333,70.0,70.0,0.065,false
18,0.3,70.0,70.0,0.065,false
19,0.31666666666666665,70.0,70.0,0.065,false
20,0.3333333333333333,70.0,70.0,0.065,false
21,0.35,70.0,70.0,0.065,false
22,0.36666666666666664,70.0,70.0,0.065,false
23,0.38333333333333336,70.0,70.0,0.065,false
24,0.4,70.0,70.0,0.065,false
25,0.4166666666666667,70.0,70.0,0.065,false
26,0.43333333333333335,70.0,70.0,0.065,false
27,0.45,70.0,70.0,0.065,false
28,0.4666666666666667,70.0,70.0,0.065,false
29,0.48333333333333334,70.0,70.0,0.065,false
30,0.5,70.0,70.0,0.065,false
31,0.5166666666666667,70.0,70.0,0.065,false
32,0.5333333333333333,70.0,70.0,0.065,false
33,0.55,70.0,70.0,0.065,false
34,0.5666666666666667,70.0,70.0,0.065,false
35,0.5833333333333334,70.0,70.0,0.065,false
36,0.6,70.0,70.0,0.065,false
37,0.6166666666666667,70.0,70.0,0.065,false
38,0.6333333333333333,70.0,70.0,0.065,false
39,0.65,70.0,70.0,0.065,false
40,0.6666666666666666,70.0,70.0,0.065,false
41,0.6833333333333333,70.0,70.0,0.065,false
42,0.7,70.0,70.0,0.065,false
43,0.7166666666666667,70.0,70.0,0.065,false
44,0.7333333333333333,70.0,70.0,0.065,false
45,0.75,70.0,70.0,0.065,false
46,0.7666666666666667,70.0,70.0,0.065,false
47,0.7833333333333333,70.0,70.0,0.065,false
48,0.8,70.0,70.0,0.065,false
49,0.8166666666666667,70.0,70.0,0.065,false
50,0.8333333333333334,70.0,70.0,0.065,false
51,0.85,70.0,70.0,0.065,false
52,0.8666666666666667,70.0,70.0,0.065,false
53,0.8833333333333333,70.0,70.0,0.065,false
54,0.9,70.0,70.0,0.065,false
55,0.9166666666666666,70.0,70.0,0.065,false
56,0.9333333333333333,70.0,70.0,0.065,false
57,0.95,70.0,70.0,0.065,false
58,0.9666666666666667,70.0,70.0,0.065,false
59,0.9833333333333333,70.0,70.0,0.065,false
60,1.0,70.0,70.0,0.065,false
61,1.0166666666666666,70.0,70.0,0.065,false
62,1.0333333333333334,70.0,70.0,0.065,false
63,1.05,70.0,70.0,0.065,false
64,1.0666666666666667,70.0,70.0,0.065,false
65,1.0833333333333333,70.0,70.0,0.065,false
66,1.1,70.0,70.0,0.065,false
67,1.1166666666666667,70.0,70.0,0.065,false
68,1.1333333333333333,70.0,70.0,0.065,false
69,1.15,70.0,70.0,0.065,false
70,1.1666666666666667,70.0,70.0,0.065,false
71,1.1833333333333333,70.0,70.0,0.065,false
72,1.2,70.0,70.0,0.065,false
73,1.2166666666666666,70.0,70.0,0.065,false
74,1.2333333333333334,70.0,70.0,0.065,false
75,1.25,70.0,70.0,0.065,false
76,1.2666666666666666,70.0,70.0,0.065,false
77,1.2833333333333334,70.0,70.0,0.065,false
78,1.3,70.0,70.0,0.065,false
79,1.3166666666666667,70.0,70.0,0.065,false
80,1.3333333333333333,70.0,70.0,0.065,false
81,1.35,70.0,70.0,0.065,false
82,1.3666666666666667,70.0,70.0,0.065,false
83,1.3833333333333333,70.0,70.0,0.065,false
84,1.4,70.0,70.0,0.065,false
85,1.4166666666666667,70.0,70.0,0.065,false
86,1.4333333333333333,70.0,70.0,0.065,false
87,1.45,70.0,70.0,0.065,false
88,1.4666666666666666,70.0,70.0,0.065,false
89,1.4833333333333334,70.0,70.0,0.065,false
90,1.5,70.0,70.0,0.065,false
91,1.5166666666666666,70.0,70.0,0.065,false
92,1.5333333333333334,70.0,70.0,0.065,false
93,1.55,70.0,70.0,0.065,false
94,1.5666666666666667,70.0,70.0,0.065,false
95,1.5833333333333333,70.0,70.0,0.065,false
96,1.6,70.0,70.0,0.065,false
97,1.6166666666666667,70.0,70.0,0.065,false
98,1.6333333333333333,70.0,70.0,0.065,false
99,1.65,70.0,70.0,0.065,false
100,1.6666666666666667,70.0,70.0,0.065,false
101,1.6833333333333333,70.0,70.0,0.065,false
102,1.7,70.0,70.0,0.065,false
103,1.7166666666666666,70.0,70.0,0.065,false
104,1.7333333333333334,70.0,70.0,0.065,false
105,1.75,70.0,70.0,0.065,false
106,1.7666666666666666,70.0,70.0,0.065,false
107,1.7833333333333334,70.0,70.0,0.065,false
108,1.8,70.0,70.0,0.065,false
109,1.8166666666666667,70.0,70.0,0.065,false
110,1.8333333333333333,70.0,70.0,0.065,false
111,1.85,70.0,70.0,0.065,false
112,1.8666666666666667,70.0,70.0,0.065,false
113,1.8833333333333333,70.0,70.0,0.065,false
114,1.9,70.0,70.0,0.065,false
115,1.9166666666666667,70.0,70.0,0.065,false
116,1.9333333333333333,70.0,70.0,0.065,false
117,1.95,70.0,70.0,0.065,false
118,1.9666666666666666,70.0,70.0,0.065,false
119,1.9833333333333334,70.0,70.0,0.065,false
120,2.0,69.0,70.0,0.4,true
121,2.0166666666666666,69.0,69.9967147825151,0.4,true
122,2.033333333333333,69.0,69.98756201237238,0.4,true
123,2.05,69.0,69.97350097883925,0.4,true
124,2.066666666666667,69.0,69.95537508076505,0.4,true
125,2.0833333333333335,69.0,69.9339242261173,0.4,true
126,2.1,69.0,69.90979598956895,0.4,true
127,2.1166666666666667,69.0,69.88355564746924,0.4,true
128,2.1333333333333333,69.0,69.85569519838765,0.4,true
129,2.15,69.0,69.82664146729677,0.4,true
130,2.1666666666666665,69.0,69.79676338226297,0.4,true
131,2.183333333333333,69.0,69.76637850416095,0.4,true
132,2.2,69.0,69.73575888234288,0.4,true
133,2.216666666666667,69.0,69.7051363023057,0.4,true
134,2.2333333333333334,69.0,69.67470698514829,0.4,true
135,2.25,69.0,69.64463579293542,0.4,true
136,2.2666666666666666,69.0,69.6150599889367,0.4,true
137,2.283333333333333,69.0,69.58609259703614,0.4,true
138,2.3,69.0,69.55782540037107,0.4,true
139,2.316666666666667,69.0,69.53033161541477,0.4,true
140,2.3333333333333335,69.0,69.5036682742335,0.4,true
141,2.35,69.0,69.47787834448873,0.4,true
142,2.3666666666666667,69.0,69.45299261389248,0.4,true
143,2.3833333333333333,69.0,69.42903136322953,0.4,true
144,2.4,69.0,69.40600584970984,0.4,true
145,2.4166666666666665,69.0,69.38391962028605,0.4,true
146,2.433333333333333,69.0,69.36276967264351,0.4,true
147,2.45,69.0,69.34254747982605,0.4,true
148,2.466666666666667,69.0,69.32323989288135,0.4,true
149,2.4833333333333334,69.0,69.30482993448163,0.4,true
150,2.5,69.0,69.28729749518364,0.4,true
151,2.5166666666666666,69.0,69.2706199428231,0.4,true
152,2.533333333333333,69.0,69.2547726544836,0.4,true
153,2.55,69.0,69.23972947952515,0.4,true
154,2.566666666666667,69.0,69.22546314129598,0.4,true
155,2.5833333333333335,69.0,69.21194558437271,0.4,true
156,2.6,69.0,69.19914827347145,0.4,true
157,2.6166666666666667,69.0,69.1870424495382,0.4,true
158,2.6333333333333333,69.0,69.17559934795531,0.4,true
159,2.65,69.0,69.16479038328481,0.4,true
160,2.6666666666666665,69.0,69.15458730450476,0.4,true
161,2.683333333333333,69.0,69.1449623242761,0.4,true
162,2.7,69.0,69.13588822540044,0.4,true
163,2.716666666666667,69.0,69.12733844728974,0.4,true
164,2.7333333333333334,69.0,69.11928715496371,0.4,true
165,2.75,69.0,69.11170929281606,0.4,true
166,2.7666666666666666,69.0,69.10458062514424,0.4,true
167,2.783333333333333,69.0,69.09787776521554,0.4,true
168,2.8,69.0,69.09157819444368,0.4,true
169,2.816666666666667,69.0,69.08566027307141,0.4,true
170,2.8333333333333335,69.0,69.08010324359489,0.4,true
171,2.85,69.0,69.07488722802225,0.4,true
172,2.8666666666666667,69.0,69.06999321993035,0.4,true
173,2.8833333333333333,69.0,69.06540307216913,0.4,true
174,2.9,69.0,69.06109948096032,0.4,true
175,2.9166666666666665,69.0,69.05706596704573,0.4,true
176,2.933333333333333,69.0,69.05328685445846,0.4,true
177,2.95,69.0,69.04974724741794,0.4,true
178,2.966666666666667,69.0,69.04643300578412,0.4,true
179,2.9833333333333334,69.0,69.04333071944936,0.4,true
180,3.0,69.0,69.04042768199452,0.4,true
181,3.0166666666666666,69.0,69.03771186389068,0.4,true
182,3.033333333333333,69.0,69.03517188548771,0.4,true
183,3.05,69.0,69.03279698999488,0.4,true
184,3.066666666666667,69.0,69.03057701662759,0.4,true
185,3.0833333333333335,69.0,69.0285023740664,0.4,true
186,3.1,69.0,69.02656401435001,0.4,true
187,3.1166666666666667,69.0,69.02475340730251,0.4,true
188,3.1333333333333333,69.0,69.02306251557643,0.4,true
189,3.15,69.0,69.02148377037643,0.4,true
190,3.1666666666666665,69.0,69.02001004791458,0.4,true
191,3.183333333333333,69.0,69.01863464663516,0.4,true
192,3.2,69.0,69.01735126523666,0.4,true
193,3.216666666666667,69.0,69.01615398150902,0.4,true
194,3.2333333333333334,69.0,69.01503723199625,0.4,true
195,3.25,69.0,69.01399579248765,0.4,true
196,3.2666666666666666,69.0,69.01302475933538,0.4,true
197,3.283333333333333,69.0,69.01211953159066,0.4,true
198,3.3,69.0,69.01127579394732,0.4,true
199,3.316666666666667,69.0,69.01048950047776,0.4,true
200,3.3333333333333335,69.0,69.0097568591436,0.4,true
201,3.35,69.0,69.00907431706112,0.4,true
202,3.3666666666666667,69.0,69.00843854649993,0.4,true
203,3.3833333333333333,69.0,69.0078464315916,0.4,true
204,3.4,69.0,69.00729505572443,0.4,true
205,3.4166666666666665,69.0,69.00678168959944,0.4,true
206,3.433333333333333,69.0,69.00630377992263,0.4,true
207,3.45,69.0,69.00585893870795,0.4,true
208,3.466666666666667,69.0,69.00544493316555,0.4,true
209,3.4833333333333334,69.0,69.00505967615047,0.4,true
210,3.5,69.0,69.00470121714625,0.4,true
211,3.5166666666666666,69.0,69.0043677337595,0.4,true
212,3.533333333333333,69.0,69.00405752370098,0.4,true
213,3.55,69.0,69.00376899723003,0.4,true
214,3.566666666666667,69.0,69.00350067003929,0.4,true
215,3.5833333333333335,69.0,69.00325115655784,0.4,true
216,3.6,69.0,69.00301916365112,0.4,true
217,3.6166666666666667,69.0,69.00280348469715,0.4,true
218,3.6333333333333333,69.0,69.00260299401911,0.4,true
219,3.65,69.0,69.00241664165505,0.4,true
220,3.6666666666666665,69.0,69.00224344844659,0.4,true
221,3.683333333333333,69.0,69.00208250142899,0.4,true
222,3.7,69.0,69.0,0.4,true
223,3.716666666666667,69.0,69.0,0.4,false
224,3.7333333333333334,69.0,69.0,0.4,false
225,3.75,69.0,69.0,0.4,false
226,3.7666666666666666,69.0,69.0,0.4,false
227,3.783333333333333,69.0,69.0,0.4,false
228,3.8,69.0,69.0,0.4,false
229,3.816666666666667,69.0,69.0,0.4,false
230,3.8333333333333335,69.0,69.0,0.4,false
231,3.85,69.0,69.0,0.4,false
232,3.8666666666666667,69.0,69.0,0.4,false
233,3.8833333333333333,69.0,69.0,0.4,false
234,3.9,69.0,69.0,0.4,false
235,3.9166666666666665,69.0,69.0,0.4,false
236,3.933333333333333,69.0,69.0,0.4,false
237,3.95,69.0,69.0,0.4,false
238,3.966666666666667,69.0,69.0,0.4,false
239,3.9833333333333334,69.0,69.0,0.4,false
240,4.0,68.0,69.0,0.55,true
241,4.016666666666667,68.0,68.9982359971021,0.55,true
242,4.033333333333333,68.0,68.99322130964622,0.55,true
243,4.05,68.0,68.98534435772521,0.55,true
244,4.066666666666666,68.0,68.97495911988497,0.55,true
245,4.083333333333333,68.0,68.96238784065177,0.55,true
246,4.1,68.0,68.94792353872575,0.55,true
247,4.116666666666666,68.0,68.93183232992149,0.55,true
248,4.133333333333334,68.0,68.91435557797003,0.55,true
249,4.15,68.0,68.89571188539472,0.55,true
250,4.166666666666667,68.0,68.87609893583253,0.55,true
251,4.183333333333334,68.0,68.85569519838766,0.55,true
252,4.2,68.0,68.83466150387335,0.55,true
253,4.216666666666667,68.0,68.81314250211514,0.55,true
254,4.233333333333333,68.0,68.79126800885376,0.55,true
255,4.25,68.0,68.76915425019199,0.55,true
256,4.266666666666667,68.0,68.74690501197821,0.55,true
257,4.283333333333333,68.0,68.72461270100347,0.55,true
258,4.3,68.0,68.70235932440917,0.55,true
259,4.316666666666666,68.0,68.68021739325522,0.55,true
260,4.333333333333333,68.0,68.658250755781,0.55,true
261,4.35,68.0,68.63651536550377,0.55,true
262,4.366666666666666,68.0,68.61505998893672,0.55,true
263,4.383333333333334,68.0,68.59392685737193,0.55,true
264,4.4,68.0,68.57315226685954,0.55,true
265,4.416666666666667,68.0,68.55276713022187,0.55,true
266,4.433333333333334,68.0,68.53279748466899,0.55,true
267,4.45,68.0,68.51326495832853,0.55,true
268,4.466666666666667,68.0,68.4941871987666,0.55,true
269,4.483333333333333,68.0,68.47557826635664,0.55,true
270,4.5,68.0,68.45744899514884,0.55,true
271,4.516666666666667,68.0,68.4398073237019,0.55,true
272,4.533333333333333,68.0,68.42265859816213,0.55,true
273,4.55,68.0,68.40600584970983,0.55,true
274,4.566666666666666,68.0,68.38985004833954,0.55,true
275,4.583333333333333,68.0,68.3741903347982,0.55,true
276,4.6,68.0,68.35902423237245,0.55,true
277,4.616666666666666,68.0,68.34434784009295,0.55,true
278,4.633333333333334,68.0,68.33015600880907,0.55,true
279,4.65,68.0,68.31644250148024,0.55,true
280,4.666666666666667,68.0,68.30320013893153,0.55,true
281,4.683333333333334,68.0,68.29042093222873,0.55,true
282,4.7,68.0,68.27809620274255,0.55,true
283,4.716666666666667,68.0,68.26621669089204,0.55,true
284,4.733333333333333,68.0,68.2547726544836,0.55,true
285,4.75,68.0,68.24375395749311,0.55,true
286,4.766666666666667,68.0,68.23315015007516,0.55,true
287,4.783333333333333,68.0,68.22295054052418,0.55,true
288,4.8,68.0,68.21314425985724,0.55,true
289,4.816666666666666,68.0,68.20372031963763,0.55,true
290,4.833333333333333,68.0,68.1946676636106,0.55,true
291,4.85,68.0,68.18597521367937,0.55,true
292,4.866666666666666,68.0,68.17763191070813,0.55,true
293,4.883333333333334,68.0,68.16962675060182,0.55,true
294,4.9,68.0,68.16194881607683,0.55,true
295,4.916666666666667,68.0,68.15458730450477,0.55,true
296,4.933333333333334,68.0,68.14753155218125,0.55,true
297,4.95,68.0,68.14077105534386,0.55,true
298,4.966666666666667,68.0,68.13429548823781,0.55,true
299,4.983333333333333,68.0,68.12809471850366,0.55,true
300,5.0,68.0,68.12215882013973,0.55,true
301,5.016666666666667,68.0,68.11647808427117,0.55,true
302,5.033333333333333,68.0,68.11104302793883,0.55,true
303,5.05,68.0,68.10584440110365,0.55,true
304,5.066666666666666,68.0,68.10087319204591,0.55,true
305,5.083333333333333,68.0,68.09612063132403,0.55,true
306,5.1,68.0,68.09157819444367,0.55,true
307,5.116666666666666,68.0,68.08723760337502,0.55,true
308,5.133333333333334,68.0,68.08309082704456,0.55,true
309,5.15,68.0,68.07913008091671,0.55,true
310,5.166666666666667,68.0,68.07534782577069,0.55,true
311,5.183333333333334,68.0,68.07173676576859,0.55,true
312,5.2,68.0,68.06828984590241,0.55,true
313,5.216666666666667,68.0,68.06500024889965,0.55,true
314,5.233333333333333,68.0,68.06186139166002,0.55,true
315,5.25,68.0,68.05886692128912,0.55,true
316,5.266666666666667,68.0,68.05601071078884,0.55,true
317,5.283333333333333,68.0,68.05328685445845,0.55,true
318,5.3,68.0,68.05068966305545,0.55,true
319,5.316666666666666,68.0,68.04821365876032,0.55,true
320,5.333333333333333,68.0,68.0458535699848,0.55,true
321,5.35,68.0,68.0436043260598,0.55,true
322,5.366666666666666,68.0,68.04146105183483,0.55,true
323,5.383333333333334,68.0,68.03941906221772,0.55,true
324,5.4,68.0,68.03747385668055,0.55,true
325,5.416666666666667,68.0,68.03562111375437,0.55,true
326,5.433333333333334,68.0,68.03385668553327,0.55,true
327,5.45,68.0,68.03217659220546,0.55,true
328,5.466666666666667,68.0,68.03057701662757,0.55,true
329,5.483333333333333,68.0,68.0290542989556,0.55,true
330,5.5,68.0,68.02760493134487,0.55,true
331,5.516666666666667,68.0,68.02622555272939,0.55,true
332,5.533333333333333,68.0,68.02491294368956,0.55,true
333,5.55,68.0,68.0236640214159,0.55,true
334,5.566666666666666,68.0,68.0224758347753,0.55,true
335,5.583333333333333,68.0,68.02134555948514,0.55,true
336,5.6,68.0,68.02027049339954,0.55,true
337,5.616666666666666,68.0,68.01924805191143,0.55,true
338,5.633333333333334,68.0,68.01827576347303,0.55,true
339,5.65,68.0,68.01735126523661,0.55,true
340,5.666666666666667,68.0,68.01647229881709,0.55,true
341,5.683333333333334,68.0,68.01563670617702,0.55,true
342,5.7,68.0,68.01484242563433,0.55,true
343,5.716666666666667,68.0,68.01408748799258,0.55,true
344,5.733333333333333,68.0,68.01337001279322,0.55,true
345,5.75,68.0,68.01268820468859,0.55,true
346,5.766666666666667,68.0,68.01204034993486,0.55,true
347,5.783333333333333,68.0,68.01142481300299,0.55,true
348,5.8,68.0,68.01084003330608,0.55,true
349,5.816666666666666,68.0,68.01028452204123,0.55,true
350,5.833333333333333,68.0,68.00975685914358,0.55,true
351,5.85,68.0,68.0092556903504,0.55,true
352,5.866666666666666,68.0,68.00877972437276,0.55,true
353,5.883333333333334,68.0,68.0083277301723,0.55,true
354,5.9,68.0,68.00789853434053,0.55,true
355,5.916666666666667,68.0,68.00749101857791,0.55,true
356,5.933333333333334,68.0,68.00710411727029,0.55,true
357,5.95,68.0,68.00673681515964,0.55,true
358,5.966666666666667,68.0,68.00638814510664,0.55,true
359,5.983333333333333,68.0,68.00605718594228,0.55,true
360,6.0,67.0,68.00574306040569,0.55,true
361,6.016666666666667,67.0,68.00368093026763,0.55,true
362,6.033333333333333,67.0,67.99838331856856,0.55,true
363,6.05,67.0,67.99023788831411,0.55,true
364,6.066666666666666,67.0,67.97959789743135,0.55,true
365,6.083333333333333,67.0,67.96678490462506,0.55,true
366,6.1,67.0,67.95209127597066,0.55,true
367,6.116666666666666,67.0,67.93578250632211,0.55,true
368,6.133333333333334,67.0,67.91809936864671,0.55,true
369,6.15,67.0,67.89925990349684,0.55,true
370,6.166666666666667,67.0,67.87946125998782,0.55,true
371,6.183333333333334,67.0,67.85888139886654,0.55,true
372,6.2,67.0,67.83768066752445,0.55,true
373,6.216666666666667,67.0,67.81600325612615,0.55,true
374,6.233333333333333,67.0,67.79397854338936,0.55,true
375,6.25,67.0,67.77172233995897,0.55,true
376,6.266666666666667,67.0,67.7493380367655,0.55,true
377,6.283333333333333,67.0,67.7269176652431,0.55,true
378,6.3,67.0,67.70454287580246,0.55,true
379,6.316666666666666,67.0,67.68228584050611,0.55,true
380,6.333333333333333,67.0,67.66021008547757,0.55,true
381,6.35,67.0,67.6383712581865,0.55,true
382,6.366666666666666,67.0,67.61681783439082,0.55,true
383,6.383333333333334,67.0,67.59559176917953,0.55,true
384,6.4,67.0,67.57472909624586,0.55,true
385,6.416666666666667,67.0,67.55426047922796,0.55,true
386,6.433333333333334,67.0,67.53421171868257,0.55,true
387,6.45,67.0,67.51460421800272,0.55,true
388,6.466666666666667,67.0,67.49545541135522,0.55,true
389,6.483333333333333,67.0,67.4767791564936,0.55,true
390,6.5,67.0,67.45858609509763,0.55,true
391,6.516666666666667,67.0,67.44088398310032,0.55,true
392,6.533333333333333,67.0,67.4236779932862,0.55,true
393,6.55,67.0,67.40697099227967,0.55,true
394,6.566666666666666,67.0,67.39076379388906,0.55,true
395,6.583333333333333,67.0,67.37505539062956,0.55,true
396,6.6,67.0,67.35984316511497,0.55,true
397,6.616666666666666,67.0,67.34512308288575,0.55,true
398,6.633333333333334,67.0,67.3308898681253,0.55,true
399,6.65,67.0,67.31713716361035,0.55,true
400,6.666666666666667,67.0,67.30385767614212,0.55,true
401,6.683333333333334,67.0,67.29104330861257,0.55,true
402,6.7,67.0,67.27868527977493,0.55,true
403,6.716666666666667,67.0,67.26677423270773,0.55,true
404,6.733333333333333,67.0,67.25530033288796,0.55,true
405,6.75,67.0,67.24425335672052,0.55,true
406,6.766666666666667,67.0,67.23362277130708,0.55,true
407,6.783333333333333,67.0,67.22339780617864,0.55,true
408,6.8,67.0,67.21356751766109,0.55,true
409,6.816666666666666,67.0,67.20412084649213,0.55,true
410,6.833333333333333,67.0,67.1950466692608,0.55,true
411,6.85,67.0,67.1863338441967,0.55,true
412,6.866666666666666,67.0,67.17797125179575,0.55,true
413,6.883333333333334,67.0,67.16994783073137,0.55,true
414,6.9,67.0,67.16225260946501,0.55,true
415,6.916666666666667,67.0,67.15487473393776,0.55,true
416,6.933333333333334,67.0,67.14780349169459,0.55,true
417,6.95,67.0,67.14102833276498,0.55,true
418,6.966666666666667,67.0,67.13453888759808,0.55,true
419,6.983333333333333,67.0,67.12832498232665,0.55,true
420,7.0,67.0,67.12237665161166,0.55,true
421,7.016666666666667,67.0,67.11668414929974,0.55,true
422,7.033333333333333,67.0,67.11123795710591,0.55,true
423,7.05,67.0,67.10602879151719,0.55,true
424,7.066666666666666,67.0,67.10104760909621,0.55,true
425,7.083333333333333,67.0,67.0962856103493,0.55,true
426,7.1,67.0,67.09173424230926,0.55,true
427,7.116666666666666,67.0,67.08738519997088,0.55,true
428,7.133333333333334,67.0,67.0832304267051,0.55,true
429,7.15,67.0,67.07926211376689,0.55,true
430,7.166666666666667,67.0,67.07547269900216,0.55,true
431,7.183333333333334,67.0,67.07185486484954,0.55,true
432,7.2,67.0,67.06840153572433,0.55,true
433,7.216666666666667,67.0,67.06510587486443,0.55,true
434,7.233333333333333,67.0,67.06196128071029,0.55,true
435,7.25,67.0,67.05896138288486,0.55,true
436,7.266666666666667,67.0,67.05610003783289,0.55,true
437,7.283333333333333,67.0,67.0533713241737,0.55,true
438,7.3,67.0,67.05076953781608,0.55,true
439,7.316666666666666,67.0,67.0482891868795,0.55,true
440,7.333333333333333,67.0,67.04592498646113,0.55,true
441,7.35,67.0,67.04367185328455,0.55,true
442,7.366666666666666,67.0,67.04152490026203,0.55,true
443,7.383333333333334,67.0,67.03947943099911,0.55,true
444,7.4,67.0,67.03753093426702,0.55,true
445,7.416666666666667,67.0,67.0356750784659,0.55,true
446,7.433333333333334,67.0,67.03390770609865,0.55,true
447,7.45,67.0,67.03222482827375,0.55,true
448,7.466666666666667,67.0,67.03062261925248,0.55,true
449,7.483333333333333,67.0,67.0290974110543,0.55,true
450,7.5,67.0,67.02764568813258,0.55,true
451,7.516666666666667,67.0,67.02626408213101,0.55,true
452,7.533333333333333,67.0,67.02494936672949,0.55,true
453,7.55,67.0,67.02369845258725,0.55,true
454,7.566666666666666,67.0,67.02250838238955,0.55,true
455,7.583333333333333,67.0,67.02137632600316,0.55,true
456,7.6,67.0,67.02029957574523,0.55,true
457,7.616666666666666,67.0,67.01927554176855,0.55,true
458,7.633333333333334,67.0,67.01830174756634,0.55,true
459,7.65,67.0,67.01737582559807,0.55,true
460,7.666666666666667,67.0,67.01649551303784,0.55,true
461,7.683333333333334,67.0,67.01565864764603,0.55,true
462,7.7,67.0,67.01486316376432,0.55,true
463,7.716666666666667,67.0,67.01410708843387,0.55,true
464,7.733333333333333,67.0,67.01338853763616,0.55,true
465,7.75,67.0,67.01270571265526,0.55,true
466,7.766666666666667,67.0,67.01205689656051,0.55,true
467,7.783333333333333,67.0,67.01144045080774,0.55,true
468,7.8,67.0,67.01085481195753,0.55,true
469,7.816666666666666,67.0,67.01029848850831,0.55,true
470,7.833333333333333,67.0,67.00977005784218,0.55,true
471,7.85,67.0,67.0092681632812,0.55,true
472,7.866666666666666,67.0,67.00879151125176,0.55,true
473,7.883333333333334,67.0,67.0083388685542,0.55,true
474,7.9,67.0,67.00790905973562,0.55,true
475,7.916666666666667,67.0,67.00750096456265,0.55,true
476,7.933333333333334,67.0,67.00711351559194,0.55,true
477,7.95,67.0,67.00674569583528,0.55,true
478,7.966666666666667,67.0,67.00639653651689,0.55,true
479,7.983333333333333,67.0,67.00606511491995,0.55,true
480,8.0,67.0,67.00575055231967,0.55,true
481,8.016666666666667,67.0,67.00545201200019,0.55,true
482,8.033333333333333,67.0,67.00516869735262,0.55,true
483,8.05,67.0,67.0048998500514,0.55,true
484,8.066666666666666,67.0,67.00464474830657,0.55,true
485,8.083333333333334,67.0,67.00440270518914,0.55,true
486,8.1,67.0,67.00417306702701,0.55,true
487,8.116666666666667,67.0,67.00395521186917,0.55,true
488,8.133333333333333,67.0,67.00374854801532,0.55,true
489,8.15,67.0,67.00355251260889,0.55,true
490,8.166666666666666,67.0,67.0033665702908,0.55,true
491,8.183333333333334,67.0,67.00319021191189,0.55,true
492,8.2,67.0,67.0030229533017,0.55,true
493,8.216666666666667,67.0,67.00286433409133,0.55,true
494,8.233333333333333,67.0,67.00271391658846,0.55,true
495,8.25,67.0,67.00257128470236,0.55,true
496,8.266666666666667,67.0,67.0024360429168,0.55,true
497,8.283333333333333,67.0,67.00230781530924,0.55,true
498,8.3,67.0,67.00218624461408,0.55,true
499,8.316666666666666,67.0,67.00207099132838,0.55,true
500,8.333333333333334,67.0,67.0,0.55,true
501,8.35,67.0,67.0,0.55,false
502,8.366666666666667,67.0,67.0,0.55,false
503,8.383333333333333,67.0,67.0,0.55,false
504,8.4,67.0,67.0,0.55,false
505,8.416666666666666,67.0,67.0,0.55,false
506,8.433333333333334,67.0,67.0,0.55,false
507,8.45,67.0,67.0,0.55,false
508,8.466666666666667,67.0,67.0,0.55,false
509,8.483333333333333,67.0,67.0,0.55,false
510,8.5,67.0,67.0,0.55,false
511,8.516666666666667,67.0,67.0,0.55,false
512,8.533333333333333,67.0,67.0,0.55,false
513,8.55,67.0,67.0,0.55,false
514,8.566666666666666,67.0,67.0,0.55,false
515,8.583333333333334,67.0,67.0,0.55,false
516,8.6,67.0,67.0,0.55,false
517,8.616666666666667,67.0,67.0,0.55,false
518,8.633333333333333,67.0,67.0,0.55,false
519,8.65,67.0,67.0,0.55,false
520,8.666666666666666,67.0,67.0,0.55,false
521,8.683333333333334,67.0,67.0,0.55,false
522,8.7,67.0,67.0,0.55,false
523,8.716666666666667,67.0,67.0,0.55,false
524,8.733333333333333,67.0,67.0,0.55,false
525,8.75,67.0,67.0,0.55,false
526,8.766666666666667,67.0,67.0,0.55,false
527,8.783333333333333,67.0,67.0,0.55,false
528,8.8,67.0,67.0,0.55,false
529,8.816666666666666,67.0,67.0,0.55,false
530,8.833333333333334,67.0,67.0,0.55,false
531,8.85,67.0,67.0,0.55,false
532,8.866666666666667,67.0,67.0,0.55,false
533,8.883333333333333,67.0,67.0,0.55,false
534,8.9,67.0,67.0,0.55,false
535,8.916666666666666,67.0,67.0,0.55,false
536,8.933333333333334,67.0,67.0,0.55,false
537,8.95,67.0,67.0,0.55,false
538,8.966666666666667,67.0,67.0,0.55,false
539,8.983333333333333,67.0,67.0,0.55,false
540,9.0,67.0,67.0,0.55,false
541,9.016666666666667,67.0,67.0,0.55,false
542,9.033333333333333,67.0,67.0,0.55,false
543,9.05,67.0,67.0,0.55,false
544,9.066666666666666,67.0,67.0,0.55,false
545,9.083333333333334,67.0,67.0,0.55,false
546,9.1,67.0,67.0,0.55,false
547,9.116666666666667,67.0,67.0,0.55,false
548,9.133333333333333,67.0,67.0,0.55,false
549,9.15,67.0,67.0,0.55,false
550,9.166666666666666,67.0,67.0,0.55,false
551,9.183333333333334,67.0,67.0,0.55,false
552,9.2,67.0,67.0,0.55,false
553,9.216666666666667,67.0,67.0,0.55,false
554,9.233333333333333,67.0,67.0,0.55,false
555,9.25,67.0,67.0,0.55,false
556,9.266666666666667,67.0,67.0,0.55,false
557,9.283333333333333,67.0,67.0,0.55,false
558,9.3,67.0,67.0,0.55,false
559,9.316666666666666,67.0,67.0,0.55,false
560,9.333333333333334,67.0,67.0,0.55,false
561,9.35,67.0,67.0,0.55,false
562,9.366666666666667,67.0,67.0,0.55,false
563,9.383333333333333,67.0,67.0,0.55,false
564,9.4,67.0,67.0,0.55,false
565,9.416666666666666,67.0,67.0,0.55,false
566,9.433333333333334,67.0,67.0,0.55,false
567,9.45,67.0,67.0,0.55,false
568,9.466666666666667,67.0,67.0,0.55,false
569,9.483333333333333,67.0,67.0,0.55,false
570,9.5,67.0,67.0,0.55,false
571,9.516666666666667,67.0,67.0,0.55,false
572,9.533333333333333,67.0,67.0,0.55,false
573,9.55,67.0,67.0,0.55,false
574,9.566666666666666,67.0,67.0,0.55,false
575,9.583333333333334,67.0,67.0,0.55,false
576,9.6,67.0,67.0,0.55,false
577,9.616666666666667,67.0,67.0,0.55,false
578,9.633333333333333,67.0,67.0,0.55,false
579,9.65,67.0,67.0,0.55,false
580,9.666666666666666,67.0,67.0,0.55,false
581,9.683333333333334,67.0,67.0,0.55,false
582,9.7,67.0,67.0,0.55,false
583,9.716666666666667,67.0,67.0,0.55,false
584,9.733333333333333,67.0,67.0,0.55,false
585,9.75,67.0,67.0,0.55,false
586,9.766666666666667,67.0,67.0,0.55,false
587,9.783333333333333,67.0,67.0,0.55,false
588,9.8,67.0,67.0,0.55,false
589,9.816666666666666,67.0,67.0,0.55,false
590,9.833333333333334,67.0,67.0,0.55,false
591,9.85,67.0,67.0,0.55,false
592,9.866666666666667,67.0,67.0,0.55,false
593,9.883333333333333,67.0,67.0,0.55,false
594,9.9,67.0,67.0,0.55,false
595,9.916666666666666,67.0,67.0,0.55,false
596,9.933333333333334,67.0,67.0,0.55,false
597,9.95,67.0,67.0,0.55,false
598,9.966666666666667,67.0,67.0,0.55,false
599,9.983333333333333,67.0,67.0,0.55,false
600,10.0,68.0,67.0,0.55,true
601,10.016666666666667,68.0,67.0017640028979,0.55,true
602,10.033333333333333,68.0,67.00677869035378,0.55,true
603,10.05,68.0,67.01465564227479,0.55,true
604,10.066666666666666,68.0,67.02504088011503,0.55,true
605,10.083333333333334,68.0,67.03761215934823,0.55,true
606,10.1,68.0,67.05207646127425,0.55,true
607,10.116666666666667,68.0,67.06816767007851,0.55,true
608,10.133333333333333,68.0,67.08564442202997,0.55,true
609,10.15,68.0,67.10428811460528,0.55,true
610,10.166666666666666,68.0,67.12390106416747,0.55,true
611,10.183333333333334,68.0,67.14430480161234,0.55,true
612,10.2,68.0,67.16533849612665,0.55,true
613,10.216666666666667,68.0,67.18685749788486,0.55,true
614,10.233333333333333,68.0,67.20873199114624,0.55,true
615,10.25,68.0,67.23084574980801,0.55,true
616,10.266666666666667,68.0,67.25309498802179,0.55,true
617,10.283333333333333,68.0,67.27538729899653,0.55,true
618,10.3,68.0,67.29764067559083,0.55,true
619,10.316666666666666,68.0,67.31978260674478,0.55,true
620,10.333333333333334,68.0,67.341749244219,0.55,true
621,10.35,68.0,67.36348463449623,0.55,true
622,10.366666666666667,68.0,67.38494001106328,0.55,true
623,10.383333333333333,68.0,67.40607314262807,0.55,true
624,10.4,68.0,67.42684773314046,0.55,true
625,10.416666666666666,68.0,67.44723286977813,0.55,true
626,10.433333333333334,68.0,67.46720251533101,0.55,true
627,10.45,68.0,67.48673504167145,0.55,true
628,10.466666666666667,68.0,67.50581280123339,0.55,true
629,10.483333333333333,68.0,67.52442173364334,0.55,true
630,10.5,68.0,67.54255100485113,0.55,true
631,10.516666666666667,68.0,67.56019267629807,0.55,true
632,10.533333333333333,68.0,67.57734140183784,0.55,true
633,10.55,68.0,67.59399415029014,0.55,true
634,10.566666666666666,68.0,67.61014995166043,0.55,true
635,10.583333333333334,68.0,67.62580966520177,0.55,true
636,10.6,68.0,67.64097576762752,0.55,true
637,10.616666666666667,68.0,67.65565215990702,0.55,true
638,10.633333333333333,68.0,67.6698439911909,0.55,true
639,10.65,68.0,67.68355749851973,0.55,true
640,10.666666666666666,68.0,67.69679986106844,0.55,true
641,10.683333333333334,68.0,67.70957906777124,0.55,true
642,10.7,68.0,67.72190379725743,0.55,true
643,10.716666666666667,68.0,67.73378330910793,0.55,true
644,10.733333333333333,68.0,67.74522734551637,0.55,true
645,10.75,68.0,67.75624604250686,0.55,true
646,10.766666666666667,68.0,67.76684984992481,0.55,true
647,10.783333333333333,68.0,67.77704945947579,0.55,true
648,10.8,68.0,67.78685574014273,0.55,true
649,10.816666666666666,68.0,67.79627968036235,0.55,true
650,10.833333333333334,68.0,67.80533233638937,0.55,true
651,10.85,68.0,67.81402478632062,0.55,true
652,10.866666666666667,68.0,67.82236808929186,0.55,true
653,10.883333333333333,68.0,67.83037324939816,0.55,true
654,10.9,68.0,67.83805118392316,0.55,true
655,10.916666666666666,68.0,67.84541269549521,0.55,true
656,10.933333333333334,68.0,67.85246844781874,0.55,true
657,10.95,68.0,67.85922894465612,0.55,true
658,10.966666666666667,68.0,67.86570451176217,0.55,true
659,10.983333333333333,68.0,67.87190528149632,0.55,true
660,11.0,68.0,67.87784117986025,0.55,true
661,11.016666666666667,68.0,67.88352191572882,0.55,true
662,11.033333333333333,68.0,67.88895697206115,0.55,true
663,11.05,68.0,67.89415559889633,0.55,true
664,11.066666666666666,68.0,67.89912680795408,0.55,true
665,11.083333333333334,68.0,67.90387936867596,0.55,true
666,11.1,68.0,67.90842180555632,0.55,true
667,11.116666666666667,68.0,67.91276239662497,0.55,true
668,11.133333333333333,68.0,67.91690917295543,0.55,true
669,11.15,68.0,67.92086991908327,0.55,true
670,11.166666666666666,68.0,67.9246521742293,0.55,true
671,11.183333333333334,68.0,67.9282632342314,0.55,true
672,11.2,68.0,67.93171015409757,0.55,true
673,11.216666666666667,68.0,67.93499975110034,0.55,true
674,11.233333333333333,68.0,67.93813860833997,0.55,true
675,11.25,68.0,67.94113307871086,0.55,true
676,11.266666666666667,68.0,67.94398928921115,0.55,true
677,11.283333333333333,68.0,67.94671314554154,0.55,true
678,11.3,68.0,67.94931033694454,0.55,true
679,11.316666666666666,68.0,67.95178634123967,0.55,true
680,11.333333333333334,68.0,67.95414643001519,0.55,true
681,11.35,68.0,67.95639567394018,0.55,true
682,11.366666666666667,68.0,67.95853894816516,0.55,true
683,11.383333333333333,68.0,67.96058093778227,0.55,true
684,11.4,68.0,67.96252614331944,0.55,true
685,11.416666666666666,68.0,67.96437888624561,0.55,true
686,11.433333333333334,68.0,67.96614331446672,0.55,true
687,11.45,68.0,67.96782340779453,0.55,true
688,11.466666666666667,68.0,67.96942298337241,0.55,true
689,11.483333333333333,68.0,67.97094570104439,0.55,true
690,11.5,68.0,67.97239506865512,0.55,true
691,11.516666666666667,68.0,67.9737744472706,0.55,true
692,11.533333333333333,68.0,67.97508705631043,0.55,true
693,11.55,68.0,67.97633597858409,0.55,true
694,11.566666666666666,68.0,67.97752416522468,0.55,true
695,11.583333333333334,68.0,67.97865444051484,0.55,true
696,11.6,68.0,67.97972950660045,0.55,true
697,11.616666666666667,68.0,67.98075194808855,0.55,true
698,11.633333333333333,68.0,67.98172423652696,0.55,true
699,11.65,68.0,67.98264873476337,0.55,true
700,11.666666666666666,68.0,67.9835277011829,0.55,true
701,11.683333333333334,68.0,67.98436329382297,0.55,true
702,11.7,68.0,67.98515757436566,0.55,true
703,11.716666666666667,68.0,67.9859125120074,0.55,true
704,11.733333333333333,68.0,67.98662998720677,0.55,true
705,11.75,68.0,67.9873117953114,0.55,true
706,11.766666666666667,68.0,67.98795965006512,0.55,true
707,11.783333333333333,68.0,67.988575186997,0.55,true
708,11.8,68.0,67.9891599666939,0.55,true
709,11.816666666666666,68.0,67.98971547795875,0.55,true
710,11.833333333333334,68.0,67.9902431408564,0.55,true
711,11.85,68.0,67.99074430964959,0.55,true
712,11.866666666666667,68.0,67.99122027562723,0.55,true
713,11.883333333333333,68.0,67.99167226982769,0.55,true
714,11.9,68.0,67.99210146565946,0.55,true
715,11.916666666666666,68.0,67.99250898142208,0.55,true
716,11.933333333333334,68.0,67.9928958827297,0.55,true
717,11.95,68.0,67.99326318484036,0.55,true
718,11.966666666666667,68.0,67.99361185489336,0.55,true
719,11.983333333333333,68.0,67.99394281405772,0.55,true
720,12.0,69.0,67.99425693959431,0.55,true
721,12.016666666666667,69.0,67.99631906973237,0.55,true
722,12.033333333333333,69.0,68.00161668143144,0.55,true
723,12.05,69.0,68.00976211168589,0.55,true
724,12.066666666666666,69.0,68.02040210256865,0.55,true
725,12.083333333333334,69.0,68.03321509537494,0.55,true
726,12.1,69.0,68.04790872402934,0.55,true
727,12.116666666666667,69.0,68.06421749367789,0.55,true
728,12.133333333333333,69.0,68.08190063135329,0.55,true
729,12.15,69.0,68.10074009650316,0.55,true
730,12.166666666666666,69.0,68.12053874001218,0.55,true
731,12.183333333333334,69.0,68.14111860113346,0.55,true
732,12.2,69.0,68.16231933247555,0.55,true
733,12.216666666666667,69.0,68.18399674387385,0.55,true
734,12.233333333333333,69.0,68.20602145661064,0.55,true
735,12.25,69.0,68.22827766004103,0.55,true
736,12.266666666666667,69.0,68.2506619632345,0.55,true
737,12.283333333333333,69.0,68.2730823347569,0.55,true
738,12.3,69.0,68.29545712419755,0.55,true
739,12.316666666666666,69.0,68.3177141594939,0.55,true
740,12.333333333333334,69.0,68.33978991452244,0.55,true
741,12.35,69.0,68.36162874181352,0.55,true
742,12.366666666666667,69.0,68.3831821656092,0.55,true
743,12.383333333333333,69.0,68.40440823082047,0.55,true
744,12.4,69.0,68.42527090375414,0.55,true
745,12.416666666666666,69.0,68.44573952077204,0.55,true
746,12.433333333333334,69.0,68.46578828131743,0.55,true
747,12.45,69.0,68.48539578199728,0.55,true
748,12.466666666666667,69.0,68.50454458864479,0.55,true
749,12.483333333333333,69.0,68.52322084350641,0.55,true
750,12.5,69.0,68.54141390490238,0.55,true
751,12.516666666666667,69.0,68.5591160168997,0.55,true
752,12.533333333333333,69.0,68.57632200671381,0.55,true
753,12.55,69.0,68.59302900772035,0.55,true
754,12.566666666666666,69.0,68.60923620611095,0.55,true
755,12.583333333333334,69.0,68.62494460937046,0.55,true
756,12.6,69.0,68.64015683488503,0.55,true
757,12.616666666666667,69.0,68.65487691711425,0.55,true
758,12.633333333333333,69.0,68.6691101318747,0.55,true
759,12.65,69.0,68.68286283638965,0.55,true
760,12.666666666666666,69.0,68.69614232385788,0.55,true
761,12.683333333333334,69.0,68.70895669138743,0.55,true
762,12.7,69.0,68.72131472022507,0.55,true
763,12.716666666666667,69.0,68.73322576729227,0.55,true
764,12.733333333333333,69.0,68.74469966711204,0.55,true
765,12.75,69.0,68.75574664327948,0.55,true
766,12.766666666666667,69.0,68.76637722869292,0.55,true
767,12.783333333333333,69.0,68.77660219382135,0.55,true
768,12.8,69.0,68.78643248233891,0.55,true
769,12.816666666666666,69.0,68.79587915350787,0.55,true
770,12.833333333333334,69.0,68.8049533307392,0.55,true
771,12.85,69.0,68.8136661558033,0.55,true
772,12.866666666666667,69.0,68.82202874820425,0.55,true
773,12.883333333333333,69.0,68.83005216926863,0.55,true
774,12.9,69.0,68.83774739053499,0.55,true
775,12.916666666666666,69.0,68.84512526606224,0.55,true
776,12.933333333333334,69.0,68.85219650830541,0.55,true
777,12.95,69.0,68.85897166723502,0.55,true
778,12.966666666666667,69.0,68.86546111240192,0.55,true
779,12.983333333333333,69.0,68.87167501767335,0.55,true
780,13.0,69.0,68.87762334838834,0.55,true
781,13.016666666666667,69.0,68.88331585070026,0.55,true
782,13.033333333333333,69.0,68.88876204289409,0.55,true
783,13.05,69.0,68.89397120848281,0.55,true
784,13.066666666666666,69.0,68.89895239090379,0.55,true
785,13.083333333333334,69.0,68.9037143896507,0.55,true
786,13.1,69.0,68.90826575769074,0.55,true
787,13.116666666666667,69.0,68.91261480002912,0.55,true
788,13.133333333333333,69.0,68.9167695732949,0.55,true
789,13.15,69.0,68.92073788623311,0.55,true
790,13.166666666666666,69.0,68.92452730099784,0.55,true
791,13.183333333333334,69.0,68.92814513515046,0.55,true
792,13.2,69.0,68.93159846427567,0.55,true
793,13.216666666666667,69.0,68.93489412513557,0.55,true
794,13.233333333333333,69.0,68.93803871928971,0.55,true
795,13.25,69.0,68.94103861711514,0.55,true
796,13.266666666666667,69.0,68.94389996216711,0.55,true
797,13.283333333333333,69.0,68.9466286758263,0.55,true
798,13.3,69.0,68.94923046218392,0.55,true
799,13.316666666666666,69.0,68.9517108131205,0.55,true
800,13.333333333333334,69.0,68.95407501353887,0.55,true
801,13.35,69.0,68.95632814671545,0.55,true
802,13.366666666666667,69.0,68.95847509973797,0.55,true
803,13.383333333333333,69.0,68.96052056900089,0.55,true
804,13.4,69.0,68.96246906573298,0.55,true
805,13.416666666666666,69.0,68.9643249215341,0.55,true
806,13.433333333333334,69.0,68.96609229390135,0.55,true
807,13.45,69.0,68.96777517172625,0.55,true
808,13.466666666666667,69.0,68.96937738074752,0.55,true
809,13.483333333333333,69.0,68.9709025889457,0.55,true
810,13.5,69.0,68.97235431186742,0.55,true
811,13.516666666666667,69.0,68.97373591786899,0.55,true
812,13.533333333333333,69.0,68.97505063327051,0.55,true
813,13.55,69.0,68.97630154741275,0.55,true
814,13.566666666666666,69.0,68.97749161761045,0.55,true
815,13.583333333333334,69.0,68.97862367399684,0.55,true
816,13.6,69.0,68.97970042425477,0.55,true
817,13.616666666666667,69.0,68.98072445823145,0.55,true
818,13.633333333333333,69.0,68.98169825243366,0.55,true
819,13.65,69.0,68.98262417440193,0.55,true
820,13.666666666666666,69.0,68.98350448696216,0.55,true
821,13.683333333333334,69.0,68.98434135235397,0.55,true
822,13.7,69.0,68.98513683623568,0.55,true
823,13.716666666666667,69.0,68.98589291156613,0.55,true
824,13.733333333333333,69.0,68.98661146236384,0.55,true
825,13.75,69.0,68.98729428734474,0.55,true
826,13.766666666666667,69.0,68.98794310343949,0.55,true
827,13.783333333333333,69.0,68.98855954919226,0.55,true
828,13.8,69.0,68.98914518804247,0.55,true
829,13.816666666666666,69.0,68.98970151149169,0.55,true
830,13.833333333333334,69.0,68.99022994215782,0.55,true
831,13.85,69.0,68.9907318367188,0.55,true
832,13.866666666666667,69.0,68.99120848874824,0.55,true
833,13.883333333333333,69.0,68.9916611314458,0.55,true
834,13.9,69.0,68.99209094026438,0.55,true
835,13.916666666666666,69.0,68.99249903543735,0.55,true
836,13.933333333333334,69.0,68.99288648440806,0.55,true
837,13.95,69.0,68.99325430416472,0.55,true
838,13.966666666666667,69.0,68.99360346348311,0.55,true
839,13.983333333333333,69.0,68.99393488508005,0.55,true
840,14.0,70.0,68.99424944768033,0.55,true
841,14.016666666666667,70.0,68.99631199089771,0.55,true
842,14.033333333333333,70.0,69.00160999300117,0.55,true
843,14.05,70.0,69.00975579222339,0.55,true
844,14.066666666666666,70.0,69.02039613180845,0.55,true
845,14.083333333333334,70.0,69.03320945415909,0.55,true
846,14.1,70.0,69.04790339424724,0.55,true
847,14.116666666666667,70.0,69.06421245820934,0.55,true
848,14.133333333333333,70.0,69.08189587401465,0.55,true
849,14.15,70.0,69.10073560199639,0.55,true
850,14.166666666666666,70.0,69.12053449387668,0.55,true
851,14.183333333333334,70.0,69.14111458970044,0.55,true
852,14.2,70.0,69.16231554282494,0.55,true
853,14.216666666666667,70.0,69.18399316379352,0.55,true
854,14.233333333333333,70.0,69.20601807455776,0.55,true
855,14.25,70.0,69.22827446510564,0.55,true
856,14.266666666666667,70.0,69.25065894510497,0.55,true
857,14.283333333333333,70.0,69.27307948368728,0.55,true
858,14.3,70.0,69.29545443097673,0.55,true
859,14.316666666666666,70.0,69.31771161541639,0.55,true
860,14.333333333333334,70.0,69.33978751136074,0.55,true
861,14.35,70.0,69.36162647179204,0.55,true
862,14.366666666666667,70.0,69.38318002137953,0.55,true
863,14.383333333333333,70.0,69.40440620543805,0.55,true
864,14.4,70.0,69.42526899065618,0.55,true
865,14.416666666666666,70.0,69.44573771375659,0.55,true
866,14.433333333333334,70.0,69.46578657452369,0.55,true
867,14.45,70.0,69.4853941698869,0.55,true
868,14.466666666666667,70.0,69.50454306598421,0.55,true
869,14.483333333333333,70.0,69.52321940535016,0.55,true
870,14.5,70.0,69.54141254657733,0.55,true
871,14.516666666666667,70.0,69.55911473399009,0.55,true
872,14.533333333333333,70.0,69.57632079504718,0.55,true
873,14.55,70.0,69.59302786335415,0.55,true
874,14.566666666666666,70.0,69.60923512531997,0.55,true
875,14.583333333333334,70.0,69.62494358863486,0.55,true
876,14.6,70.0,69.64015587087914,0.55,true
877,14.616666666666667,70.0,69.6548760066958,0.55,true
878,14.633333333333333,70.0,69.66910927207485,0.55,true
879,14.65,70.0,69.6828620244034,0.55,true
880,14.666666666666666,70.0,69.6961415570351,0.55,true
881,14.683333333333334,70.0,69.70895596722431,0.55,true
882,14.7,70.0,69.7213140363561,0.55,true
883,14.716666666666667,70.0,69.73322512148266,0.55,true
884,14.733333333333333,70.0,69.74469905725046,0.55,true
885,14.75,70.0,69.7557460673713,0.55,true
886,14.766666666666667,70.0,69.76637668485381,0.55,true
887,14.783333333333333,70.0,69.77660168027118,0.55,true
888,14.8,70.0,69.78643199739601,0.55,true
889,14.816666666666666,70.0,69.79587869558361,0.55,true
890,14.833333333333334,70.0,69.80495289833287,0.55,true
891,14.85,70.0,69.81366574749727,0.55,true
892,14.866666666666667,70.0,69.82202836265934,0.55,true
893,14.883333333333333,70.0,69.83005180521985,0.55,true
894,14.9,70.0,69.83774704678741,0.55,true
895,14.916666666666666,70.0,69.84512494148713,0.55,true
896,14.933333333333334,70.0,69.85219620183659,0.55,true
897,14.95,70.0,69.8589713778654,0.55,true
898,14.966666666666667,70.0,69.86546083918023,0.55,true
899,14.983333333333333,70.0,69.8716747597011,0.55,true
900,15.0,70.0,69.87762310481683,0.55,true
901,15.016666666666667,70.0,69.8833156207279,0.55,true
902,15.033333333333333,70.0,69.88876182576377,0.55,true
903,15.05,70.0,69.89397100347944,0.55,true
904,15.066666666666666,70.0,69.89895219735195,0.55,true
905,15.083333333333334,70.0,69.90371420691248,0.55,true
906,15.1,70.0,69.90826558516368,0.55,true
907,15.116666666666667,70.0,69.91261463714419,0.55,true
908,15.133333333333333,70.0,69.9167694195147,0.55,true
909,15.15,70.0,69.92073774105009,0.55,true
910,15.166666666666666,70.0,69.92452716393265,0.55,true
911,15.183333333333334,70.0,69.92814500575042,0.55,true
912,15.2,70.0,69.93159834211325,0.55,true
913,15.216666666666667,70.0,69.93489400980702,0.55,true
914,15.233333333333333,70.0,69.93803861041376,0.55,true
915,15.25,70.0,69.9410385143317,0.55,true
916,15.266666666666667,70.0,69.94389986513613,0.55,true
917,15.283333333333333,70.0,69.94662858422667,0.55,true
918,15.3,70.0,69.94923037571239,0.55,true
919,15.316666666666666,70.0,69.9517107314907,0.55,true
920,15.333333333333334,70.0,69.9540749364804,0.55,true
921,15.35,70.0,69.95632807397294,0.55,true
922,15.366666666666667,70.0,69.95847503107031,0.55,true
923,15.383333333333333,70.0,69.96052050418038,0.55,true
924,15.4,70.0,69.96246900454459,0.55,true
925,15.416666666666666,70.0,69.96432486377483,0.55,true
926,15.433333333333334,70.0,69.96609223937949,0.55,true
927,15.45,70.0,69.96777512026077,0.55,true
928,15.466666666666667,70.0,69.96937733216751,0.55,true
929,15.483333333333333,70.0,69.97090254308978,0.55,true
930,15.5,70.0,69.97235426858319,0.55,true
931,15.516666666666667,70.0,69.97373587701256,0.55,true
932,15.533333333333333,70.0,69.97505059470602,0.55,true
933,15.55,70.0,69.97630151101193,0.55,true
934,15.566666666666666,70.0,69.9774915832522,0.55,true
935,15.583333333333334,70.0,69.9786236415668,0.55,true
936,15.6,70.0,69.97970039364499,0.55,true
937,15.616666666666667,70.0,69.98072442933999,0.55,true
938,15.633333333333333,70.0,69.98169822516427,0.55,true
939,15.65,70.0,69.98262414866375,0.55,true
940,15.666666666666666,70.0,69.98350446266939,0.55,true
941,15.683333333333334,70.0,69.98434132942562,0.55,true
942,15.7,70.0,69.9851368145953,0.55,true
943,15.716666666666667,70.0,69.98589289114152,0.55,true
944,15.733333333333333,70.0,69.98661144308686,0.55,true
945,15.75,70.0,69.98729426915104,0.55,true
946,15.766666666666667,70.0,69.98794308626833,0.55,true
947,15.783333333333333,70.0,69.98855953298629,0.55,true
948,15.8,70.0,69.98914517274754,0.55,true
949,15.816666666666666,70.0,69.9897014970567,0.55,true
950,15.833333333333334,70.0,69.99022992853453,0.55,true
951,15.85,70.0,69.99073182386164,0.55,true
952,15.866666666666667,70.0,69.99120847661423,0.55,true
953,15.883333333333333,70.0,69.99166111999435,0.55,true
954,15.9,70.0,69.99209092945718,0.55,true
955,15.916666666666666,70.0,69.99249902523822,0.55,true
956,15.933333333333334,70.0,69.99288647478286,0.55,true
957,15.95,70.0,69.99325429508123,0.55,true
958,15.966666666666667,70.0,69.9936034549109,0.55,true
959,15.983333333333333,70.0,69.9939348769904,0.55,true
960,16.0,70.0,69.99424944004612,0.55,true
961,16.016666666666666,70.0,69.99454798079545,0.55,true
962,16.033333333333335,70.0,69.99483129584871,0.55,true
963,16.05,70.0,69.99510014353282,0.55,true
964,16.066666666666666,70.0,69.99535524563902,0.55,true
965,16.083333333333332,70.0,69.99559728909752,0.55,true
966,16.1,70.0,69.99582692758152,0.55,true
967,16.116666666666667,70.0,69.99604478304315,0.55,true
968,16.133333333333333,70.0,69.99625144718368,0.55,true
969,16.15,70.0,69.99644748286069,0.55,true
970,16.166666666666668,70.0,69.99663342543414,0.55,true
971,16.183333333333334,70.0,69.99680978405404,0.55,true
972,16.2,70.0,69.99697704289166,0.55,true
973,16.216666666666665,70.0,69.99713566231665,0.55,true
974,16.233333333333334,70.0,69.99728608002206,0.55,true
975,16.25,70.0,69.99742871209932,0.55,true
976,16.266666666666666,70.0,69.99756395406527,0.55,true
977,16.283333333333335,70.0,69.99769218184306,0.55,true
978,16.3,70.0,69.99781375269887,0.55,true
979,16.316666666666666,70.0,69.99792900613618,0.55,true
980,16.333333333333332,70.0,70.0,0.55,true
981,16.35,70.0,70.0,0.55,false
982,16.366666666666667,70.0,70.0,0.55,false
983,16.383333333333333,70.0,70.0,0.55,false
984,16.4,70.0,70.0,0.55,false
985,16.416666666666668,70.0,70.0,0.55,false
986,16.433333333333334,70.0,70.0,0.55,false
987,16.45,70.0,70.0,0.55,false
988,16.466666666666665,70.0,70.0,0.55,false
989,16.483333333333334,70.0,70.0,0.55,false
990,16.5,70.0,70.0,0.55,false
991,16.516666666666666,70.0,70.0,0.55,false
992,16.533333333333335,70.0,70.0,0.55,false
993,16.55,70.0,70.0,0.55,false
994,16.566666666666666,70.0,70.0,0.55,false
995,16.583333333333332,70.0,70.0,0.55,false
996,16.6,70.0,70.0,0.55,false
997,16.616666666666667,70.0,70.0,0.55,false
998,16.633333333333333,70.0,70.0,0.55,false
999,16.65,70.0,70.0,0.55,false
1000,16.666666666666668,70.0,70.0,0.55,false
1001,16.683333333333334,70.0,70.0,0.55,false
1002,16.7,70.0,70.0,0.55,false
1003,16.716666666666665,70.0,70.0,0.55,false
1004,16.733333333333334,70.0,70.0,0.55,false
1005,16.75,70.0,70.0,0.55,false
1006,16.766666666666666,70.0,70.0,0.55,false
1007,16.783333333333335,70.0,70.0,0.55,false
1008,16.8,70.0,70.0,0.55,false
1009,16.816666666666666,70.0,70.0,0.55,false
1010,16.833333333333332,70.0,70.0,0.55,false
1011,16.85,70.0,70.0,0.55,false
1012,16.866666666666667,70.0,70.0,0.55,false
1013,16.883333333333333,70.0,70.0,0.55,false
1014,16.9,70.0,70.0,0.55,false
1015,16.916666666666668,70.0,70.0,0.55,false
1016,16.933333333333334,70.0,70.0,0.55,false
1017,16.95,70.0,70.0,0.55,false
1018,16.966666666666665,70.0,70.0,0.55,false
1019,16.983333333333334,70.0,70.0,0.55,false
1020,17.0,70.0,70.0,0.55,false
1021,17.016666666666666,70.0,70.0,0.55,false
1022,17.033333333333335,70.0,70.0,0.55,false
1023,17.05,70.0,70.0,0.55,false
1024,17.066666666666666,70.0,70.0,0.55,false
1025,17.083333333333332,70.0,70.0,0.55,false
1026,17.1,70.0,70.0,0.55,false
1027,17.116666666666667,70.0,70.0,0.55,false
1028,17.133333333333333,70.0,70.0,0.55,false
1029,17.15,70.0,70.0,0.55,false
1030,17.166666666666668,70.0,70.0,0.55,false
1031,17.183333333333334,70.0,70.0,0.55,false
1032,17.2,70.0,70.0,0.55,false
1033,17.216666666666665,70.0,70.0,0.55,false
1034,17.233333333333334,70.0,70.0,0.55,false
1035,17.25,70.0,70.0,0.55,false
1036,17.266666666666666,70.0,70.0,0.55,false
1037,17.283333333333335,70.0,70.0,0.55,false
1038,17.3,70.0,70.0,0.55,false
1039,17.316666666666666,70.0,70.0,0.55,false
1040,17.333333333333332,70.0,70.0,0.55,false
1041,17.35,70.0,70.0,0.55,false
1042,17.366666666666667,70.0,70.0,0.55,false
1043,17.383333333333333,70.0,70.0,0.55,false
1044,17.4,70.0,70.0,0.55,false
1045,17.416666666666668,70.0,70.0,0.55,false
1046,17.433333333333334,70.0,70.0,0.55,false
1047,17.45,70.0,70.0,0.55,false
1048,17.466666666666665,70.0,70.0,0.55,false
1049,17.483333333333334,70.0,70.0,0.55,false
1050,17.5,70.0,70.0,0.55,false
1051,17.516666666666666,70.0,70.0,0.55,false
1052,17.533333333333335,70.0,70.0,0.55,false
1053,17.55,70.0,70.0,0.55,false
1054,17.566666666666666,70.0,70.0,0.55,false
1055,17.583333333333332,70.0,70.0,0.55,false
1056,17.6,70.0,70.0,0.55,false
1057,17.616666666666667,70.0,70.0,0.55,false
1058,17.633333333333333,70.0,70.0,0.55,false
1059,17.65,70.0,70.0,0.55,false
1060,17.666666666666668,70.0,70.0,0.55,false
1061,17.683333333333334,70.0,70.0,0.55,false
1062,17.7,70.0,70.0,0.55,false
1063,17.716666666666665,70.0,70.0,0.55,false
1064,17.733333333333334,70.0,70.0,0.55,false
1065,17.75,70.0,70.0,0.55,false
1066,17.766666666666666,70.0,70.0,0.55,false
1067,17.783333333333335,70.0,70.0,0.55,false
1068,17.8,70.0,70.0,0.55,false
1069,17.816666666666666,70.0,70.0,0.55,false
1070,17.833333333333332,70.0,70.0,0.55,false
1071,17.85,70.0,70.0,0.55,false
1072,17.866666666666667,70.0,70.0,0.55,false
1073,17.883333333333333,70.0,70.0,0.55,false
1074,17.9,70.0,70.0,0.55,false
1075,17.916666666666668,70.0,70.0,0.55,false
1076,17.933333333333334,70.0,70.0,0.55,false
1077,17.95,70.0,70.0,0.55,false
1078,17.966666666666665,70.0,70.0,0.55,false
1079,17.983333333333334,70.0,70.0,0.55,false
