frame,time,simulated_raw_degrees,presented_degrees
0,0.0,100.0,90.0
1,0.016666666666666666,100.0,90.0
2,0.03333333333333333,100.0,90.0
3,0.05,100.0,90.0
4,0.06666666666666667,100.0,90.0
5,0.08333333333333333,100.0,90.0
6,0.1,100.0,90.0
7,0.11666666666666667,100.0,90.0
8,0.13333333333333333,100.0,90.0
9,0.15,100.0,90.0
10,0.16666666666666666,100.0,90.0
11,0.18333333333333332,100.0,90.0
12,0.2,100.0,90.0
13,0.21666666666666667,100.0,90.0
14,0.23333333333333334,100.0,90.0
15,0.25,100.0,90.0
16,0.26666666666666666,100.0,90.0
17,0.2833333333333333,100.0,90.0
18,0.3,100.0,90.0
19,0.31666666666666665,100.0,90.0
20,0.3333333333333333,98.0,90.0
21,0.35,98.0,90.0
22,0.36666666666666664,98.0,90.0
23,0.38333333333333336,98.0,90.0
24,0.4,98.0,90.0
25,0.4166666666666667,93.0,90.0
26,0.43333333333333335,93.0,90.0
27,0.45,93.0,90.0
28,0.4666666666666667,93.0,90.0
29,0.48333333333333334,93.0,90.0
30,0.5,88.0,90.0
31,0.5166666666666667,88.0,89.81177
32,0.5333333333333333,88.0,89.45265
33,0.55,88.0,89.09007
34,0.5666666666666667,88.0,88.78461
35,0.5833333333333334,82.0,88.54879
36,0.6,82.0,87.8112
37,0.6166666666666667,82.0,86.61137
38,0.6333333333333333,82.0,85.43891
39,0.65,82.0,84.46499
40,0.6666666666666666,77.0,83.71901
41,0.6833333333333333,77.0,82.704254
42,0.7,77.0,81.42226
43,0.7166666666666667,77.0,80.25077
44,0.7333333333333333,77.0,79.30748
45,0.75,72.0,78.59784
46,0.7666666666666667,72.0,77.615616
47,0.7833333333333333,72.0,76.35955
48,0.8,72.0,75.20746
49,0.8166666666666667,72.0,74.27809
50,0.8333333333333334,67.0,73.57818
51,0.85,67.0,72.60261
52,0.8666666666666667,67.0,71.35101
53,0.8833333333333333,67.0,70.201904
54,0.9,67.0,69.2745
55,0.9166666666666666,61.0,68.57587
56,0.9333333333333333,61.0,67.50701
57,0.95,61.0,66.0764
58,0.9666666666666667,61.0,64.746346
59,0.9833333333333333,61.0,63.666424
60,1.0,56.0,62.85002
61,1.0166666666666666,56.0,61.788925
62,1.0333333333333334,56.0,60.47668
63,1.05,56.0,59.285595
64,1.0666666666666667,56.0,58.329666
65,1.0833333333333333,51.0,57.611927
66,1.1,51.0,56.62453
67,1.1166666666666667,51.0,55.365173
68,1.1333333333333333,51.0,54.211
69,1.15,51.0,53.280315
70,1.1666666666666667,46.0,52.579567
71,1.1833333333333333,46.0,51.603477
72,1.2,46.0,50.35156
73,1.2166666666666666,46.0,49.202244
74,1.2333333333333334,46.0,48.27471
75,1.25,41.0,47.575996
76,1.2666666666666666,41.0,46.601208
77,1.2833333333333334,41.0,45.35012
78,1.3,41.0,44.201336
79,1.3166666666666667,41.0,43.27414
80,1.3333333333333333,35.0,42.575638
81,1.35,35.0,41.506866
82,1.3666666666666667,35.0,40.07631
83,1.3833333333333333,35.0,38.746284
84,1.4,35.0,37.66639
85,1.4166666666666667,30.0,36.85
86,1.4333333333333333,30.0,35.788914
87,1.45,30.0,34.47667
88,1.4666666666666666,30.0,33.285587
89,1.4833333333333334,30.0,32.329666
90,1.5,25.0,31.611923
91,1.5166666666666666,25.0,30.62453
92,1.5333333333333334,25.0,29.365171
93,1.55,25.0,28.210999
94,1.5666666666666667,25.0,27.280313
95,1.5833333333333333,25.0,26.579567
96,1.6,25.0,26.074059
97,1.6166666666666667,25.0,25.719921
98,1.6333333333333333,25.0,25.477062
99,1.65,25.0,25.313194
100,1.6666666666666667,25.0,25.204025
101,1.6833333333333333,25.0,25.132042
102,1.7,25.0,25.084978
103,1.7166666666666666,25.0,25.054424
104,1.7333333333333334,25.0,25.034708
105,1.75,25.0,25.022053
106,1.7666666666666666,25.0,25.013966
107,1.7833333333333334,25.0,25.008818
108,1.8,25.0,25.005552
109,1.8166666666666667,25.0,25.003489
110,1.8333333333333333,25.0,25.002186
111,1.85,25.0,25.0
112,1.8666666666666667,25.0,25.0
113,1.8833333333333333,25.0,25.0
114,1.9,25.0,25.0
115,1.9166666666666667,25.0,25.0
116,1.9333333333333333,25.0,25.0
117,1.95,25.0,25.0
118,1.9666666666666666,25.0,25.0
119,1.9833333333333334,25.0,25.0
120,2.0,25.0,25.0
121,2.0166666666666666,25.0,25.0
122,2.033333333333333,25.0,25.0
123,2.05,25.0,25.0
124,2.066666666666667,25.0,25.0
125,2.0833333333333335,29.0,25.0
126,2.1,29.0,25.376467
127,2.1166666666666667,29.0,26.094692
128,2.1333333333333333,29.0,26.819857
129,2.15,29.0,27.430788
130,2.1666666666666665,33.0,27.902424
131,2.183333333333333,33.0,28.624668
132,2.2,33.0,29.587885
133,2.216666666666667,33.0,30.48247
134,2.2333333333333334,33.0,31.208454
135,2.25,38.0,31.757132
136,2.2666666666666666,38.0,32.6245
137,2.283333333333333,38.0,33.800743
138,2.3,38.0,34.898407
139,2.316666666666667,38.0,35.791218
140,2.3333333333333335,42.0,36.466873
141,2.35,42.0,37.332375
142,2.3666666666666667,42.0,38.394005
143,2.3833333333333333,42.0,39.355087
144,2.4,42.0,40.125416
145,2.4166666666666665,46.0,40.70336
146,2.433333333333333,46.0,41.49576
147,2.45,46.0,42.504887
148,2.466666666666667,46.0,43.42929
149,2.4833333333333334,46.0,44.174526
150,2.5,50.0,44.73557
151,2.5166666666666666,50.0,45.516727
152,2.533333333333333,50.0,46.51844
153,2.55,50.0,47.438007
154,2.566666666666667,50.0,48.180107
155,2.5833333333333335,54.0,48.739124
156,2.6,54.0,49.518986
157,2.6166666666666667,54.0,50.51987
158,2.6333333333333333,54.0,51.43891
159,2.65,54.0,52.180676
160,2.6666666666666665,58.0,52.739483
161,2.683333333333333,58.0,53.519207
162,2.7,58.0,54.52001
163,2.716666666666667,58.0,55.439
164,2.7333333333333334,58.0,56.18073
165,2.75,63.0,56.739517
166,2.7666666666666666,63.0,57.613346
167,2.783333333333333,63.0,58.793697
168,2.8,63.0,59.89397
169,2.816666666666667,63.0,60.788433
170,2.8333333333333335,67.0,61.465126
171,2.85,67.0,62.331284
172,2.8666666666666667,67.0,63.393326
173,2.8833333333333333,67.0,64.35466
174,2.9,67.0,65.12515
175,2.9166666666666665,71.0,65.70319
176,2.933333333333333,71.0,66.49566
177,2.95,71.0,67.50482
178,2.966666666666667,71.0,68.42925
179,2.9833333333333334,71.0,69.1745
180,3.0,75.0,69.73555
181,3.0166666666666666,75.0,70.516716
182,3.033333333333333,75.0,71.51843
183,3.05,75.0,72.438
184,3.066666666666667,75.0,73.18011
185,3.0833333333333335,79.0,73.73912
186,3.1,79.0,74.51898
187,3.1166666666666667,79.0,75.519875
188,3.1333333333333333,79.0,76.43891
189,3.15,79.0,77.18067
190,3.1666666666666665,83.0,77.73948
191,3.183333333333333,83.0,78.51921
192,3.2,83.0,79.52001
193,3.216666666666667,83.0,80.438995
194,3.2333333333333334,83.0,81.18073
195,3.25,88.0,81.73952
196,3.2666666666666666,88.0,82.61335
197,3.283333333333333,88.0,83.7937
198,3.3,88.0,84.89397
199,3.316666666666667,88.0,85.78843
200,3.3333333333333335,92.0,90.0
201,3.35,92.0,90.0
202,3.3666666666666667,92.0,90.0
203,3.3833333333333333,92.0,90.0
204,3.4,92.0,90.0
205,3.4166666666666665,96.0,90.0
206,3.433333333333333,96.0,90.0
207,3.45,96.0,90.0
208,3.466666666666667,96.0,90.0
209,3.4833333333333334,96.0,90.0
210,3.5,100.0,90.0
211,3.5166666666666666,100.0,90.0
212,3.533333333333333,100.0,90.0
213,3.55,100.0,90.0
214,3.566666666666667,100.0,90.0
215,3.5833333333333335,100.0,90.0
216,3.6,100.0,90.0
217,3.6166666666666667,100.0,90.0
218,3.6333333333333333,100.0,90.0
219,3.65,100.0,90.0
220,3.6666666666666665,100.0,90.0
221,3.683333333333333,100.0,90.0
222,3.7,100.0,90.0
223,3.716666666666667,100.0,90.0
224,3.7333333333333334,100.0,90.0
225,3.75,100.0,90.0
226,3.7666666666666666,100.0,90.0
227,3.783333333333333,100.0,90.0
228,3.8,100.0,90.0
229,3.816666666666667,100.0,90.0
230,3.8333333333333335,100.0,90.0
231,3.85,100.0,90.0
232,3.8666666666666667,100.0,90.0
233,3.8833333333333333,100.0,90.0
234,3.9,100.0,90.0
235,3.9166666666666665,100.0,90.0
236,3.933333333333333,100.0,90.0
237,3.95,100.0,90.0
238,3.966666666666667,100.0,90.0
239,3.9833333333333334,100.0,90.0
